Nutrient,Model,Train_R2,Train_MSE,Train_RMSE,Train_MAE,Test_R2,Test_MSE,Test_RMSE,Test_MAE,Best_Parameters,Train_DAP_Start,Train_DAP_End,Test_DAP_Start,Test_DAP_End,Train_Rows,Test_Rows,Feature_Order
N,Random Forest,0.9994389618072707,0.001744510036604675,0.041767332170066535,0.02876113809523759,0.9887241828616675,0.008923159379074036,0.09446247603717593,0.07657903703703696,{},10.0,79.0,80.0,97.0,210,54,"[""DAP"", ""Concentration_ppm"", ""NASA_ET_L_m2_day""]"
N,SVR,0.9970384439398858,0.009208756797291918,0.09596226757060256,0.07457042847428666,0.9905021560819982,0.0075161537295408715,0.08669575381494109,0.07046224711577281,"{""svr__C"": 100, ""svr__gamma"": ""scale"", ""svr__kernel"": ""linear""}",10.0,79.0,80.0,97.0,210,54,"[""DAP"", ""Concentration_ppm"", ""NASA_ET_L_m2_day""]"
N,KNN,0.9746740835415973,0.07874921176571427,0.28062289957470377,0.1813471428571429,0.3263041208038133,0.5331317127037037,0.7301586900829872,0.6329085185185185,{},10.0,79.0,80.0,97.0,210,54,"[""DAP"", ""Concentration_ppm"", ""NASA_ET_L_m2_day""]"
N,Dummy Mean Baseline,0.0,3.1094318697235828,1.7633581229357758,1.4735854149659864,-2.5843165076973467,2.836462055995994,1.6841799357538951,1.549201798941799,{},10.0,79.0,80.0,97.0,210,54,[]
K,Random Forest,0.9994525132370261,0.001701766664004797,0.0412524746409812,0.02839506190476175,0.98610114568366,0.011134520663851701,0.10552023817188673,0.0784201111111107,{},10.0,79.0,80.0,97.0,210,54,"[""DAP"", ""Concentration_ppm"", ""NASA_ET_L_m2_day""]"
K,SVR,0.9970047966202731,0.009310064842201381,0.09648867727459726,0.07495569532775591,0.9901296668608801,0.007907229315111773,0.0889226029483605,0.07023908047708519,"{""svr__C"": 1, ""svr__gamma"": ""scale"", ""svr__kernel"": ""linear""}",10.0,79.0,80.0,97.0,210,54,"[""DAP"", ""Concentration_ppm"", ""NASA_ET_L_m2_day""]"
K,KNN,0.9745586602851393,0.07907994629714288,0.28121156856918755,0.18390400000000004,0.28563535278717256,0.5722851499037037,0.7564953072582167,0.6607448148148148,{},10.0,79.0,80.0,97.0,210,54,"[""DAP"", ""Concentration_ppm"", ""NASA_ET_L_m2_day""]"
K,Dummy Mean Baseline,0.0,3.108324765261905,1.7630441756410713,1.4744023809523807,-2.570708016350155,2.860532335092592,1.6913108333752822,1.5571962962962962,{},10.0,79.0,80.0,97.0,210,54,[]
Mg,Random Forest,0.9996329430836592,0.001131264095228555,0.03363426965504907,0.025193942857142833,0.980768523963283,0.014980160830222076,0.12239346726938524,0.08973281481481521,{},10.0,79.0,80.0,97.0,210,54,"[""DAP"", ""Concentration_ppm"", ""NASA_ET_L_m2_day""]"
Mg,SVR,0.9983304443265315,0.005145546383402858,0.07173246394348139,0.057232548309110294,0.9949053215778627,0.003968447455419868,0.06299561457291983,0.05157937642076454,"{""svr__C"": 1, ""svr__gamma"": ""scale"", ""svr__kernel"": ""linear""}",10.0,79.0,80.0,97.0,210,54,"[""DAP"", ""Concentration_ppm"", ""NASA_ET_L_m2_day""]"
Mg,KNN,0.9745643191165362,0.0783923997619048,0.27998642781732264,0.18214390476190487,0.21118263807018534,0.6144411861481481,0.7838629893981143,0.6884044444444446,{},10.0,79.0,80.0,97.0,210,54,"[""DAP"", ""Concentration_ppm"", ""NASA_ET_L_m2_day""]"
Mg,Dummy Mean Baseline,0.0,3.08198550379161,1.7555584592350122,1.4717207165532882,-2.677860754293376,2.864831877973819,1.6925814243261146,1.5588312698412692,{},10.0,79.0,80.0,97.0,210,54,[]
